{"rouge1": 0.36654779325273146, "rouge2": 0.1382259980539758, "rougeL": 0.20559903326968113, "rougeLsum": 0.20550565413750888}